"Institute_Code";"ChoiceCode";"CourseName";"Exam";"CutoffRank";"CutoffScore"
3215;"321524510";"Computer Engineering";"JEE";56;99.1414
3215;"321524610";"Information Technology";"JEE";116;98.6881
6271;"627124510";"Computer Engineering";"JEE";178;98.4039
3199;"319924510";"Computer Engineering";"JEE";180;98.3914
6271;"627124520";"Computer Engineering";"JEE";202;98.3015
6271;"627124610";"Information Technology";"JEE";419;97.5333
3199;"319924610";"Information Technology";"JEE";425;97.5064
6273;"627324510";"Computer Engineering";"JEE";597;96.9832
3036;"303650710";"Chemical Engineering";"JEE";637;96.8545
6273;"627324520";"Computer Engineering";"JEE";689;96.675
3199;"319991210";"Computer Science and
Engineering(Data Science)";"JEE";707;96.6447
3215;"321537210";"Electronics and Telecommunication
Engg";"JEE";718;96.6115
4115;"411524210";"Computer Science and Engineering";"JEE";783;96.4632
6273;"627324610";"Information Technology";"JEE";788;96.4529
3209;"320924510";"Computer Engineering";"JEE";884;96.2254
3182;"318224510";"Computer Engineering";"JEE";1073;95.8346
3036;"303653410";"Food Engineering and Technology";"JEE";1095;95.7812
4115;"411524220";"Computer Science and Engineering";"JEE";1109;95.7735
3209;"320924610";"Information Technology";"JEE";1138;95.6884
3215;"321537610";"Electronics Engineering";"JEE";1184;95.6319
6175;"617524510";"Computer Engineering";"JEE";1188;95.6086
6271;"627137210";"Electronics and Telecommunication
Engg";"JEE";1309;95.3917
6175;"617524520";"Computer Engineering";"JEE";1321;95.3541
6271;"627137220";"Electronics and Telecommunication
Engg";"JEE";1354;95.3025
3036;"303651910";"Polymer Engineering and Technology";"JEE";1386;95.2376
3185;"318524510";"Computer Engineering";"JEE";1391;95.2179
3182;"318224610";"Information Technology";"JEE";1446;95.1182
4115;"411524610";"Information Technology";"JEE";1513;94.9983
3185;"318524520";"Computer Engineering";"JEE";1519;94.9948
3199;"319937210";"Electronics and Telecommunication
Engg";"JEE";1533;94.988
4115;"411591110";"Engineering(Artificial Intelligence and";"JEE";1601;94.8591
3036;"303651310";"Pharmaceuticals Chemistry and
Technology";"JEE";1603;94.8591
6289;"628924510";"Computer Engineering";"JEE";1634;94.7977
3199;"319937610";"Electronics Engineering";"JEE";1679;94.7252
4115;"411591010";"Computer Science and
Engineering(Cyber Security)";"JEE";1746;94.6216
6289;"628924520";"Computer Engineering";"JEE";1756;94.5938
3182;"318299510";"Artificial Intelligence and Data Science";"JEE";1808;94.5027
6276;"627624510F";"Computer Engineering";"JEE";1812;94.492
6175;"617524610";"Information Technology";"JEE";1861;94.4159
4115;"411591210";"Computer Science and
Engineering(Data Science)";"JEE";1884;94.4114
3176;"317624510";"Computer Engineering";"JEE";1891;94.3816
6274;"627424510";"Computer Engineering";"JEE";1909;94.3391
3036;"303651210";"Oil,Oleochemicals and Surfactants
Technology";"JEE";1966;94.279
6273;"627399510";"Artificial Intelligence and Data Science";"JEE";1988;94.2252
3184;"318424510";"Computer Engineering";"JEE";2133;93.96
3185;"318524610";"Information Technology";"JEE";2134;93.96
3209;"320999510";"Artificial Intelligence and Data Science";"JEE";2199;93.9117
3184;"318499510";"Artificial Intelligence and Data Science";"JEE";2246;93.7995
3214;"321424510";"Computer Engineering";"JEE";2250;93.7995
6754;"675424510";"Computer Engineering";"JEE";2255;93.7932
3185;"318599510";"Artificial Intelligence and Data Science";"JEE";2292;93.7386
6289;"628924610";"Information Technology";"JEE";2306;93.7037
6276;"627624520F";"Computer Engineering";"JEE";2343;93.6335
3197;"319724510";"Computer Engineering";"JEE";2437;93.4906
3199;"319961210";"Mechanical Engineering";"JEE";2457;93.4718
6146;"614624510";"Computer Engineering";"JEE";2555;93.2965
6273;"627337210";"Electronics and Telecommunication
Engg";"JEE";2580;93.263
3183;"318361210";"Mechanical Engineering";"JEE";2622;93.1873
6273;"627337220";"Electronics and Telecommunication
Engg";"JEE";2695;93.0885
4115;"411537010";"Electronics and Communication
Engineering";"JEE";2755;92.9653
3182;"318237210";"Electronics and Telecommunication
Engg";"JEE";2772;92.9637
6278;"627824510";"Computer Engineering";"JEE";2782;92.9511
3176;"317624610";"Information Technology";"JEE";2860;92.7866
3139;"313924510";"Computer Engineering";"JEE";2861;92.7828
6276;"627624610F";"Information Technology";"JEE";2873;92.7828
6274;"627424610";"Information Technology";"JEE";2931;92.6903
3036;"303651110";"Dyestuff Technology";"JEE";2947;92.6769
3184;"318461210";"Mechanical Engineering";"JEE";2948;92.6769
3208;"320824510";"Computer Engineering";"JEE";2982;92.607
4115;"411537020";"Electronics and Communication
Engineering";"JEE";2989;92.607
6272;"627224510";"Computer Engineering";"JEE";3031;92.5089
3176;"317692110";"Artificial Intelligence and Machine
Learning";"JEE";3070;92.446
4115;"411546110";"Bio Medical Engineering";"JEE";3072;92.446
4115;"411561210";"Mechanical Engineering";"JEE";3114;92.4364
3199;"319950710";"Chemical Engineering";"JEE";3178;92.3129
3036;"303672910";"Surface Coating Technology";"JEE";3190;92.3048
6146;"614624610";"Information Technology";"JEE";3205;92.2921
6289;"628999510";"Artificial Intelligence and Data Science";"JEE";3298;92.1979
6796;"679624510";"Computer Engineering";"JEE";3514;91.8404
3036;"303651410";"Fibres and Textile Processing
Technology";"JEE";3548;91.8333
6141;"614124510";"Computer Engineering";"JEE";3551;91.8333
6822;"682224510";"Computer Engineering";"JEE";3567;91.754
3204;"320424510";"Computer Engineering";"JEE";3650;91.6581
3197;"319724610";"Information Technology";"JEE";3661;91.6439
4115;"411537610";"Electronics Engineering";"JEE";3678;91.6239
6754;"675424610";"Information Technology";"JEE";3754;91.4702
3209;"320937210";"Electronics and Telecommunication
Engg";"JEE";3775;91.4431
4115;"411537620";"Electronics Engineering";"JEE";3784;91.4431
3176;"317699510";"Artificial Intelligence and Data Science";"JEE";3796;91.416
3183;"318391110";"Engineering(Artificial Intelligence and";"JEE";3853;91.3845
6175;"617537210";"Electronics and Telecommunication
Engg";"JEE";3883;91.315
3184;"318490010";"Electronics and Computer Science";"JEE";3895;91.2475
3183;"318324510";"Computer Engineering";"JEE";3925;91.2223
3197;"319737210";"Electronics and Telecommunication
Engg";"JEE";3926;91.2223
4115;"411529310";"Electrical Engineering";"JEE";3956;91.2126
3176;"317625310";"Internet of Things (IoT)";"JEE";4009;91.1044
3182;"318250710";"Chemical Engineering";"JEE";4015;91.1044
6273;"627361210";"Mechanical Engineering";"JEE";4029;91.0884
6278;"627824520";"Computer Engineering";"JEE";4048;91.0856
6177;"617724510";"Computer Engineering";"JEE";4102;90.9952
6175;"617537220";"Electronics and Telecommunication
Engg";"JEE";4172;90.8287
4167;"416724210";"Computer Science and Engineering";"JEE";4381;90.4932
6273;"627361220";"Mechanical Engineering";"JEE";4432;90.459
6139;"613924510";"Computer Engineering";"JEE";4448;90.3786
3189;"318924510";"Computer Engineering";"JEE";4458;90.3765
3208;"320824610";"Information Technology";"JEE";4472;90.3765
6272;"627224610";"Information Technology";"JEE";4480;90.3716
3214;"321424610";"Information Technology";"JEE";4498;90.3672
3135;"313524510";"Computer Engineering";"JEE";4559;90.2371
6177;"617724520";"Computer Engineering";"JEE";4685;90.0166
3139;"313924610";"Information Technology";"JEE";4719;89.9667
3201;"320124510";"Computer Engineering";"JEE";4740;89.9667
3185;"318537210";"Electronics and Telecommunication
Engg";"JEE";4764;89.9572
3214;"321437210";"Electronics and Telecommunication
Engg";"JEE";4779;89.9572
6282;"628224510";"Computer Engineering";"JEE";4822;89.8783
6276;"627637210F";"Electronics and Telecommunication
Engg";"JEE";4928;89.7057
3211;"321124510";"Computer Engineering";"JEE";4930;89.7057
5121;"512124510";"Computer Engineering";"JEE";5002;89.6437
4115;"411519110";"Civil Engineering";"JEE";5067;89.4732
6289;"628937210";"Electronics and Telecommunication
Engg";"JEE";5100;89.4715
3204;"320461210";"Mechanical Engineering";"JEE";5261;89.2094
6802;"680224510";"Computer Engineering";"JEE";5270;89.2092
4115;"411519120";"Civil Engineering";"JEE";5306;89.1794
6207;"620724510";"Computer Engineering";"JEE";5308;89.1794
3176;"317637210";"Electronics and Telecommunication
Engg";"JEE";5340;89.1464
3211;"321124610";"Information Technology";"JEE";5369;89.1102
4116;"411624210";"Computer Science and Engineering";"JEE";5409;88.9592
3207;"320724510";"Computer Engineering";"JEE";5475;88.9034
6282;"628224520";"Computer Engineering";"JEE";5542;88.8569
6265;"626524210";"Computer Science and Engineering";"JEE";5614;88.6609
6207;"620724520";"Computer Engineering";"JEE";5705;88.5707
6139;"613924520";"Computer Engineering";"JEE";5745;88.5201
6175;"617519110";"Civil Engineering";"JEE";5877;88.2592
3135;"313524610";"Information Technology";"JEE";5917;88.2293
3204;"320424610";"Information Technology";"JEE";5946;88.2289
6175;"617561210";"Mechanical Engineering";"JEE";6030;88.0909
6177;"617724610";"Information Technology";"JEE";6033;88.0909
3423;"342324510";"Computer Engineering";"JEE";6048;88.0378
5121;"512124610";"Information Technology";"JEE";6128;87.9272
6276;"627637220F";"Electronics and Telecommunication
Engg";"JEE";6133;87.8975
4115;"411558910";"Industrial Engineering";"JEE";6142;87.8975
6141;"614124610";"Information Technology";"JEE";6181;87.856
3176;"317661210";"Mechanical Engineering";"JEE";6228;87.781
1101;"110124210";"Computer Science and Engineering";"JEE";6253;87.781
3475;"347524510";"Computer Engineering";"JEE";6324;87.6522
6207;"620724610";"Information Technology";"JEE";6458;87.4924
6155;"615524510";"Computer Engineering";"JEE";6507;87.3354
6175;"617561220";"Mechanical Engineering";"JEE";6509;87.3354
6281;"628124510";"Computer Engineering";"JEE";6531;87.3175
6282;"628224610";"Information Technology";"JEE";6647;87.2216
6176;"617624510";"Computer Engineering";"JEE";6648;87.2216
3176;"317637610";"Electronics Engineering";"JEE";6672;87.209
3185;"318537610";"Electronics Engineering";"JEE";6686;87.1605
6156;"615624510";"Computer Engineering";"JEE";6838;86.8922
4116;"411699710";"Artificial Intelligence";"JEE";7009;86.5792
6281;"628124520";"Computer Engineering";"JEE";7026;86.5792
3183;"318324610";"Information Technology";"JEE";7137;86.4766
3189;"318924610";"Information Technology";"JEE";7176;86.4354
6285;"628524510F";"Computer Engineering";"JEE";7236;86.3335
3203;"320324510";"Computer Engineering";"JEE";7242;86.3335
6139;"613924610";"Information Technology";"JEE";7282;86.2235
4142;"414224210";"Computer Science and Engineering";"JEE";7298;86.2235
6754;"675437210";"Electronics and Telecommunication
Engg";"JEE";7330;86.1693
3207;"320724610";"Information Technology";"JEE";7332;86.1693
6214;"621424510";"Computer Engineering";"JEE";7448;86.0316
3148;"314824510";"Computer Engineering";"JEE";7455;86.0316
6155;"615524610";"Information Technology";"JEE";7541;85.8992
6265;"626524610";"Information Technology";"JEE";7582;85.8301
3187;"318724510";"Computer Engineering";"JEE";7661;85.787
3194;"319424510";"Computer Engineering";"JEE";7672;85.7445
6176;"617624610";"Information Technology";"JEE";7686;85.6841
3176;"317619110";"Civil Engineering";"JEE";7743;85.6296
3197;"319729310";"Electrical Engineering";"JEE";7835;85.4369
6214;"621456810";"Computer Science and Information
Technology";"JEE";7947;85.4059
2250;"225024210";"Computer Science and Engineering";"JEE";7970;85.3778
6139;"613924620";"Information Technology";"JEE";8086;85.1085
4167;"416724610";"Information Technology";"JEE";8113;85.0622
6822;"682237210";"Electronics and Telecommunication
Engg";"JEE";8127;85.0622
3197;"319761210";"Mechanical Engineering";"JEE";8177;85.0129
4167;"416725110";"Computer Technology";"JEE";8204;85.0129
6145;"614524510";"Computer Engineering";"JEE";8316;84.8392
6178;"617824510";"Computer Engineering";"JEE";8365;84.8354
6272;"627299510";"Artificial Intelligence and Data Science";"JEE";8496;84.5899
6284;"628424510";"Computer Engineering";"JEE";8631;84.476
6267;"626724210";"Computer Science and Engineering";"JEE";8656;84.476
4116;"411624610";"Information Technology";"JEE";8755;84.3041
6146;"614637210";"Electronics and Telecommunication
Engg";"JEE";8773;84.3041
3190;"319024510";"Computer Engineering";"JEE";8779;84.3041
6178;"617824520";"Computer Engineering";"JEE";8836;84.1854
6156;"615624610";"Information Technology";"JEE";8875;84.1363
4174;"417424610";"Information Technology";"JEE";8881;84.1363
6160;"616024510";"Computer Engineering";"JEE";8967;83.9531
6207;"620799510";"Artificial Intelligence and Data Science";"JEE";9050;83.7701
4174;"417424510";"Computer Engineering";"JEE";9072;83.7592
3423;"342324610";"Information Technology";"JEE";9090;83.7592
6265;"626519110";"Civil Engineering";"JEE";9154;83.7001
6274;"627437210";"Electronics and Telecommunication
Engg";"JEE";9201;83.6819
3201;"320161210";"Mechanical Engineering";"JEE";9221;83.651
6178;"617824610";"Information Technology";"JEE";9252;83.5781
4116;"411691710";"Data Science";"JEE";9271;83.5307
3201;"320199510";"Artificial Intelligence and Data Science";"JEE";9422;83.3202
3203;"320324610";"Information Technology";"JEE";9512;83.2165
1101;"110124610";"Information Technology";"JEE";9521;83.2165
6802;"680299510";"Artificial Intelligence and Data Science";"JEE";9671;83.0211
3148;"314824610";"Information Technology";"JEE";9724;82.9589
5108;"510824510";"Computer Engineering";"JEE";9793;82.835
3194;"319424610";"Information Technology";"JEE";9795;82.835
6145;"614524610";"Information Technology";"JEE";9815;82.835
4649;"464924510";"Computer Engineering";"JEE";9831;82.754
5160;"516024510";"Computer Engineering";"JEE";9871;82.7437
4171;"417150710";"Chemical Engineering";"JEE";9952;82.6457
6289;"628961210";"Mechanical Engineering";"JEE";9958;82.6457
3190;"319024520";"Computer Engineering";"JEE";9988;82.5296
6278;"627837210";"Electronics and Telecommunication
Engg";"JEE";10031;82.5136
6808;"680861210";"Mechanical Engineering";"JEE";10132;82.378
6182;"618224510";"Computer Engineering";"JEE";10184;82.3596
5449;"544924510";"Computer Engineering";"JEE";10191;82.3596
3194;"319499510";"Artificial Intelligence and Data Science";"JEE";10283;82.329
5164;"516424510";"Computer Engineering";"JEE";10295;82.329
3196;"319624510";"Computer Engineering";"JEE";10363;82.1817
3211;"321190010";"Electronics and Computer Science";"JEE";10387;82.144
6272;"627237210";"Electronics and Telecommunication
Engg";"JEE";10488;81.9029
6285;"628524610F";"Information Technology";"JEE";10497;81.9029
6122;"612224510";"Computer Engineering";"JEE";10605;81.7623
5152;"515224210";"Computer Science and Engineering";"JEE";10633;81.7547
5162;"516224510";"Computer Engineering";"JEE";10692;81.7074
6755;"675524510";"Computer Engineering";"JEE";10765;81.6736
3189;"318950710";"Chemical Engineering";"JEE";10766;81.6736
4137;"413724210";"Computer Science and Engineering";"JEE";10790;81.6656
3460;"346024610";"Information Technology";"JEE";10980;81.3865
3190;"319024610";"Information Technology";"JEE";11023;81.2676
3212;"321224510";"Computer Engineering";"JEE";11070;81.1457
6222;"622224210";"Computer Science and Engineering";"JEE";11190;81.0826
3211;"321137210";"Electronics and Telecommunication
Engg";"JEE";11205;81.0826
3188;"318824510";"Computer Engineering";"JEE";11343;80.9835
3139;"313937210";"Electronics and Telecommunication
Engg";"JEE";11421;80.8987
5121;"512199510";"Artificial Intelligence and Data Science";"JEE";11464;80.7278
6274;"627461210";"Mechanical Engineering";"JEE";11557;80.5367
6146;"614619110";"Civil Engineering";"JEE";11637;80.4708
4175;"417519110";"Civil Engineering";"JEE";11680;80.4708
4136;"413624210";"Computer Science and Engineering";"JEE";11778;80.4363
2114;"211424210";"Computer Science and Engineering";"JEE";11875;80.3809
6273;"627350710";"Chemical Engineering";"JEE";11973;80.2983
3475;"347524610";"Information Technology";"JEE";12009;80.2951
1105;"110524210";"Computer Science and Engineering";"JEE";12011;80.2951
5162;"516224610";"Information Technology";"JEE";12020;80.2951
6141;"614137210";"Electronics and Telecommunication
Engg";"JEE";12077;80.0548
6284;"628424610";"Information Technology";"JEE";12254;79.8129
6732;"673224510";"Computer Engineering";"JEE";12428;79.5845
6298;"629824510";"Computer Engineering";"JEE";12431;79.5845
3183;"318337210";"Electronics and Telecommunication
Engg";"JEE";12432;79.5845
5160;"516024610";"Information Technology";"JEE";12449;79.5845
3204;"320437210";"Electronics and Telecommunication
Engg";"JEE";12464;79.5845
6182;"618224520";"Computer Engineering";"JEE";12497;79.5845
5330;"533024510";"Computer Engineering";"JEE";12516;79.5845
3148;"314899510";"Artificial Intelligence and Data Science";"JEE";12579;79.4108
4171;"417124210";"Computer Science and Engineering";"JEE";12643;79.3434
6310;"631024510";"Computer Engineering";"JEE";12653;79.3
6276;"627661210F";"Mechanical Engineering";"JEE";12661;79.3
6267;"626708210";"Bio Technology";"JEE";12701;79.3
3196;"319691210";"Computer Science and
Engineering(Data Science)";"JEE";12789;79.2966
3187;"318724610";"Information Technology";"JEE";12904;79.1882
6139;"613999510";"Artificial Intelligence and Data Science";"JEE";12941;79.1532
3175;"317524510";"Computer Engineering";"JEE";13021;79.0106
6649;"664924510";"Computer Engineering";"JEE";13077;78.8492
5172;"517224510";"Computer Engineering";"JEE";13081;78.8492
4138;"413824210";"Computer Science and Engineering";"JEE";13141;78.7087
6282;"628299510";"Artificial Intelligence and Data Science";"JEE";13236;78.5509
4167;"416737210";"Electronics and Telecommunication
Engg";"JEE";13243;78.5509
6182;"618224610";"Information Technology";"JEE";13264;78.5487
3146;"314624510";"Computer Engineering";"JEE";13300;78.507
6289;"628919110";"Civil Engineering";"JEE";13310;78.507
6273;"627346410";"Instrumentation and Control
Engineering";"JEE";13314;78.507
6214;"621419110";"Civil Engineering";"JEE";13424;78.4246
3439;"343924510";"Computer Engineering";"JEE";13432;78.4246
3154;"315424510";"Computer Engineering";"JEE";13436;78.4246
6146;"614650710";"Chemical Engineering";"JEE";13437;78.4246
4142;"414299710";"Artificial Intelligence";"JEE";13461;78.378
3148;"314825210";"Cyber Security";"JEE";13482;78.3747
6179;"617924510";"Computer Engineering";"JEE";13492;78.3747
6214;"621429310";"Electrical Engineering";"JEE";13725;77.9128
6772;"677224510";"Computer Engineering";"JEE";13727;77.9128
5139;"513924510";"Computer Engineering";"JEE";13752;77.9128
6214;"621437210";"Electronics and Telecommunication
Engg";"JEE";13887;77.8981
6802;"680237210";"Electronics and Telecommunication
Engg";"JEE";13891;77.8981
4136;"413699710";"Artificial Intelligence";"JEE";13902;77.778
6206;"620624510";"Computer Engineering";"JEE";13940;77.7159
6282;"628237210";"Electronics and Telecommunication
Engg";"JEE";13951;77.7159
3192;"319224510";"Computer Engineering";"JEE";14005;77.6563
4116;"411637210";"Electronics and Telecommunication
Engg";"JEE";14096;77.5295
3188;"318824610";"Information Technology";"JEE";14207;77.4639
6187;"618724510";"Computer Engineering";"JEE";14239;77.4639
5164;"516429310";"Electrical Engineering";"JEE";14323;77.3008
4171;"417124610";"Information Technology";"JEE";14344;77.3008
3223;"322324610";"Information Technology";"JEE";14433;77.1537
6185;"618524510";"Computer Engineering";"JEE";14444;77.1537
6298;"629824520";"Computer Engineering";"JEE";14623;76.7585
5121;"512119110";"Civil Engineering";"JEE";14766;76.7219
6756;"675619110";"Civil Engineering";"JEE";14790;76.7169
4177;"417724210";"Computer Science and Engineering";"JEE";14832;76.7169
6622;"662224510";"Computer Engineering";"JEE";14903;76.6575
3218;"321824610";"Information Technology";"JEE";15079;76.4229
6187;"618724520";"Computer Engineering";"JEE";15117;76.325
6265;"626537210";"Electronics and Telecommunication
Engg";"JEE";15180;76.2857
6146;"614637610";"Electronics Engineering";"JEE";15244;76.1276
6203;"620324510";"Computer Engineering";"JEE";15274;76.0102
3207;"320761210";"Mechanical Engineering";"JEE";15277;76.0102
6139;"613992110";"Artificial Intelligence and Machine
Learning";"JEE";15321;76.0054
6274;"627429310";"Electrical Engineering";"JEE";15350;76.0054
6155;"615519110";"Civil Engineering";"JEE";15386;75.9503
3185;"318546610";"Instrumentation Engineering";"JEE";15398;75.9503
6786;"678624510";"Computer Engineering";"JEE";15416;75.9503
3194;"319491210";"Computer Science and
Engineering(Data Science)";"JEE";15449;75.9095
5108;"510824610";"Information Technology";"JEE";15471;75.8366
1105;"110524220";"Computer Science and Engineering";"JEE";15496;75.8074
3211;"321161210";"Mechanical Engineering";"JEE";15544;75.8074
5139;"513924610";"Information Technology";"JEE";15709;75.624
6622;"662299510";"Artificial Intelligence and Data Science";"JEE";15715;75.624
6187;"618724610";"Information Technology";"JEE";15739;75.5438
5172;"517291210";"Computer Science and
Engineering(Data Science)";"JEE";15790;75.5208
3196;"319692010";"(Internet of Things and Cyber Security";"JEE";15796;75.5208
3196;"319691110";"Engineering(Artificial Intelligence and";"JEE";15896;75.3232
1120;"112024210";"Computer Science and Engineering";"JEE";15943;75.1866
4649;"464929310";"Electrical Engineering";"JEE";16026;75.1591
3201;"320119110";"Civil Engineering";"JEE";16041;75.1591
5303;"530319110";"Civil Engineering";"JEE";16055;75.1591
6325;"632524510";"Computer Engineering";"JEE";16064;75.1591
5121;"512137210";"Electronics and Telecommunication
Engg";"JEE";16085;75.1591
6794;"679461210";"Mechanical Engineering";"JEE";16089;75.1591
6307;"630724510";"Computer Engineering";"JEE";16090;75.1591
6311;"631124510";"Computer Engineering";"JEE";16163;75.1355
6250;"625024210";"Computer Science and Engineering";"JEE";16194;75.1355
3210;"321024510";"Computer Engineering";"JEE";16201;75.1355
3204;"320429310";"Electrical Engineering";"JEE";16277;75.0901
3219;"321929310";"Electrical Engineering";"JEE";16325;75.0901
5121;"512129310";"Electrical Engineering";"JEE";16363;74.9989
3218;"321824510";"Computer Engineering";"JEE";16385;74.9989
6272;"627261210";"Mechanical Engineering";"JEE";16431;74.9712
6273;"627360610";"Production Engineering";"JEE";16444;74.9712
6185;"618524520";"Computer Engineering";"JEE";16492;74.8832
4123;"412324610";"Information Technology";"JEE";16515;74.8025
4123;"412300210";"Aeronautical Engineering";"JEE";16548;74.8025
6206;"620624610";"Information Technology";"JEE";16563;74.8025
6834;"683424510";"Computer Engineering";"JEE";16568;74.8025
6177;"617737210";"Electronics and Telecommunication
Engg";"JEE";16606;74.8025
3475;"347537210";"Electronics and Telecommunication
Engg";"JEE";16629;74.8025
4138;"413824610";"Information Technology";"JEE";16643;74.784
6772;"677224610";"Information Technology";"JEE";16653;74.784
6282;"628237220";"Electronics and Telecommunication
Engg";"JEE";16676;74.7745
6622;"662292110";"Artificial Intelligence and Machine
Learning";"JEE";16748;74.7729
3208;"320837210";"Electronics and Telecommunication
Engg";"JEE";16775;74.4172
6310;"631024610";"Information Technology";"JEE";16798;74.4172
3223;"322324510";"Computer Engineering";"JEE";16851;74.1594
6822;"682261210";"Mechanical Engineering";"JEE";16866;74.1594
6283;"628324210";"Computer Science and Engineering";"JEE";16954;74.0207
6146;"614661210";"Mechanical Engineering";"JEE";17045;74.013
5151;"515124510";"Computer Engineering";"JEE";17086;74.013
3460;"346024510";"Computer Engineering";"JEE";17115;73.9256
6220;"622024210";"Computer Science and Engineering";"JEE";17174;73.9256
3201;"320137210";"Electronics and Telecommunication
Engg";"JEE";17282;73.8667
3154;"315424610";"Information Technology";"JEE";17442;73.5421
3216;"321650710";"Chemical Engineering";"JEE";17482;73.426
6155;"615537210";"Electronics and Telecommunication
Engg";"JEE";17496;73.426
3210;"321024610";"Information Technology";"JEE";17498;73.426
6177;"617737220";"Electronics and Telecommunication
Engg";"JEE";17512;73.426
1101;"110137210";"Electronics and Telecommunication
Engg";"JEE";17548;73.426
3175;"317524610";"Information Technology";"JEE";17571;73.395
6207;"620737210";"Electronics and Telecommunication
Engg";"JEE";17575;73.395
4142;"414291710";"Data Science";"JEE";17773;73.1274
4613;"461361210";"Mechanical Engineering";"JEE";17774;73.1274
6796;"679637210";"Electronics and Telecommunication
Engg";"JEE";17930;72.8888
4177;"417724610";"Information Technology";"JEE";17948;72.8888
6138;"613824510";"Computer Engineering";"JEE";17993;72.8888
6769;"676924510";"Computer Engineering";"JEE";17998;72.8849
5151;"515124610";"Information Technology";"JEE";18149;72.7848
6419;"641924210";"Computer Science and Engineering";"JEE";18173;72.7848
5449;"544924610";"Information Technology";"JEE";18233;72.6633
5181;"518124510";"Computer Engineering";"JEE";18326;72.3311
6276;"627646410F";"Instrumentation and Control
Engineering";"JEE";18387;72.264
2113;"211324210";"Computer Science and Engineering";"JEE";18421;72.264
6222;"622291310";"Computer Science and Engineering
(Artificial Intelligence)";"JEE";18466;72.1964
3146;"314624610";"Information Technology";"JEE";18561;72.0754
6283;"628300210";"Aeronautical Engineering";"JEE";18610;72.0754
6298;"629824610";"Information Technology";"JEE";18663;71.964
6311;"631124610";"Information Technology";"JEE";18699;71.964
6268;"626824210";"Computer Science and Engineering";"JEE";18771;71.9628
4649;"464961210";"Mechanical Engineering";"JEE";18816;71.941
6214;"621461210";"Mechanical Engineering";"JEE";18818;71.941
6419;"641991310";"Computer Science and Engineering
(Artificial Intelligence)";"JEE";18866;71.941
6307;"630724610";"Information Technology";"JEE";18904;71.8912
6144;"614424510";"Computer Engineering";"JEE";18913;71.8912
3139;"313937610";"Electronics Engineering";"JEE";18915;71.7921
4181;"418124510";"Computer Engineering";"JEE";18920;71.7921
4151;"415137010";"Electronics and Communication
Engineering";"JEE";18938;71.7921
6278;"627861210";"Mechanical Engineering";"JEE";18957;71.5411
6802;"680250710";"Chemical Engineering";"JEE";18968;71.5285
6275;"627524510";"Computer Engineering";"JEE";19006;71.4569
3201;"320190010";"Electronics and Computer Science";"JEE";19014;71.411
5109;"510924510";"Computer Engineering";"JEE";19058;71.411
6139;"613937210";"Electronics and Telecommunication
Engg";"JEE";19089;71.3898
6288;"628824210";"Computer Science and Engineering";"JEE";19196;71.3024
2113;"211301110";"Agricultural Engineering";"JEE";19200;71.3024
3148;"314837210";"Electronics and Telecommunication
Engg";"JEE";19243;71.3024
5331;"533129310";"Electrical Engineering";"JEE";19421;71.0485
6177;"617719110";"Civil Engineering";"JEE";19566;70.9815
5160;"516084410";"Electronics and Computer Engineering";"JEE";19607;70.9815
2137;"213729710";"Electrical and Electronics Engineering";"JEE";19637;70.9292
4179;"417924210";"Computer Science and Engineering";"JEE";19656;70.9226
3193;"319324510";"Computer Engineering";"JEE";19679;70.9226
4123;"412325110";"Computer Technology";"JEE";19688;70.8541
4171;"417199510";"Artificial Intelligence and Data Science";"JEE";19709;70.7278
6185;"618524610";"Information Technology";"JEE";19790;70.5058
6267;"626737210";"Electronics and Telecommunication
Engg";"JEE";19831;70.5058
6275;"627524610";"Information Technology";"JEE";19833;70.5058
6278;"627819110";"Civil Engineering";"JEE";19859;70.5058
6298;"629899510";"Artificial Intelligence and Data Science";"JEE";20059;70.3752
6176;"617637210";"Electronics and Telecommunication
Engg";"JEE";20130;70.2822
4174;"417437210";"Electronics and Telecommunication
Engg";"JEE";20290;70.1008
6184;"618424510";"Computer Engineering";"JEE";20308;70.1008
6770;"677024510";"Computer Engineering";"JEE";20540;70.0403
5331;"533124510";"Computer Engineering";"JEE";20554;70.0403
3135;"313561210";"Mechanical Engineering";"JEE";20567;70.0394
6207;"620729310";"Electrical Engineering";"JEE";20583;70.0394
6780;"678024210";"Computer Science and Engineering";"JEE";20605;70.0394
5121;"512119120";"Civil Engineering";"JEE";20625;70.0394
5104;"510424510";"Computer Engineering";"JEE";20665;69.857
1114;"111424210";"Computer Science and Engineering";"JEE";20717;69.857
6155;"615599710";"Artificial Intelligence";"JEE";20769;69.6269
4167;"416761210";"Mechanical Engineering";"JEE";20790;69.5721
2114;"211491110";"Engineering(Artificial Intelligence and";"JEE";20809;69.5721
3471;"347124510";"Computer Engineering";"JEE";20882;69.5191
5162;"516237210";"Electronics and Telecommunication
Engg";"JEE";21006;69.2311
5109;"510924610";"Information Technology";"JEE";21054;69.2311
4167;"416719110";"Civil Engineering";"JEE";21102;69.2278
3135;"313537210";"Electronics and Telecommunication
Engg";"JEE";21191;69.2201
5121;"512137220";"Electronics and Telecommunication
Engg";"JEE";21218;69.2201
6283;"628350310";"Food Technology";"JEE";21325;68.7478
6278;"627829310";"Electrical Engineering";"JEE";21425;68.7138
6250;"625091110";"Engineering(Artificial Intelligence and";"JEE";21464;68.7138
6794;"679424510";"Computer Engineering";"JEE";21478;68.7138
4197;"419719110";"Civil Engineering";"JEE";21507;68.7138
6822;"682219110";"Civil Engineering";"JEE";21541;68.6872
6769;"676924610";"Information Technology";"JEE";21545;68.6872
6634;"663424510";"Computer Engineering";"JEE";21675;68.5968
3193;"319324610";"Information Technology";"JEE";21880;68.4445
4116;"411629310";"Electrical Engineering";"JEE";21885;68.4445
6141;"614129310";"Electrical Engineering";"JEE";21936;68.3301
3183;"318319110";"Civil Engineering";"JEE";22006;68.1938
6272;"627219110";"Civil Engineering";"JEE";22123;68.1305
6250;"625091210";"Computer Science and
Engineering(Data Science)";"JEE";22133;68.1305
3196;"319637210";"Electronics and Telecommunication
Engg";"JEE";22178;68.0996
4138;"413899710";"Artificial Intelligence";"JEE";22181;68.0996
5161;"516124610";"Information Technology";"JEE";22230;68.0763
4142;"414237210";"Electronics and Telecommunication
Engg";"JEE";22263;68.0763
6270;"627037610";"Electronics Engineering";"JEE";22272;68.0763
4167;"416737610";"Electronics Engineering";"JEE";22509;67.2872
3460;"346092410";"Data Engineering";"JEE";22526;67.2872
5125;"512524510";"Computer Engineering";"JEE";22591;67.2872
3194;"319461210";"Mechanical Engineering";"JEE";22650;67.1691
6177;"617750710";"Chemical Engineering";"JEE";22727;67.1137
6222;"622289810";"Textile Engineering (Fashion
Technology)";"JEE";22947;67.0027
1101;"110161210";"Mechanical Engineering";"JEE";23013;66.8716
6770;"677024610";"Information Technology";"JEE";23053;66.7783
6278;"627850710";"Chemical Engineering";"JEE";23163;66.7783
4116;"411619110";"Civil Engineering";"JEE";23179;66.7476
3139;"313946110";"Bio Medical Engineering";"JEE";23183;66.7476
6222;"622289610";"Textile Technology";"JEE";23364;66.262
4116;"411637610";"Electronics Engineering";"JEE";23600;66.0143
6139;"613984410";"Electronics and Computer Engineering";"JEE";23613;65.9994
3192;"319291110";"Engineering(Artificial Intelligence and";"JEE";23675;65.9994
3221;"322124510";"Computer Engineering";"JEE";23807;65.8548
4147;"414724210";"Computer Science and Engineering";"JEE";23817;65.8548
6808;"680824510";"Computer Engineering";"JEE";23882;65.7479
4116;"411661210";"Mechanical Engineering";"JEE";23893;65.7479
6269;"626924210";"Computer Science and Engineering";"JEE";24022;65.5495
3154;"315491110";"Computer Science and
Engineering(Artificial Intelligence and
Machine Learning)";"JEE";24208;65.2431
4172;"417224210";"Computer Science and Engineering";"JEE";24270;65.0307
2134;"213419110";"Civil Engineering";"JEE";24549;64.9085
3222;"322224510";"Computer Engineering";"JEE";24550;64.9085
1107;"110724210";"Computer Science and Engineering";"JEE";24573;64.9085
6732;"673299510";"Artificial Intelligence and Data Science";"JEE";24625;64.9011
4163;"416370110";"Mining Engineering";"JEE";24668;64.8959
6223;"622324210";"Computer Science and Engineering";"JEE";24736;64.7919
6643;"664324210";"Computer Science and Engineering";"JEE";24787;64.79
5418;"541824510";"Computer Engineering";"JEE";24794;64.79
6267;"626729310";"Electrical Engineering";"JEE";24817;64.5685
3467;"346724510";"Computer Engineering";"JEE";24850;64.5685
3477;"347724510";"Computer Engineering";"JEE";25049;63.9248
3203;"320337210";"Electronics and Telecommunication
Engg";"JEE";25087;63.9248
3207;"320737210";"Electronics and Telecommunication
Engg";"JEE";25132;63.9248
6177;"617708210";"Bio Technology";"JEE";25140;63.9026
6317;"631724210";"Computer Science and Engineering";"JEE";25150;63.9026
6281;"628137210";"Electronics and Telecommunication
Engg";"JEE";25151;63.9026
3175;"317546110";"Bio Medical Engineering";"JEE";25294;63.8283
6640;"664024210";"Computer Science and Engineering";"JEE";25435;63.8283
6284;"628499510";"Artificial Intelligence and Data Science";"JEE";25437;63.8283
2127;"212724210";"Computer Science and Engineering";"JEE";25520;63.7897
3192;"319292010";"(Internet of Things and Cyber Security";"JEE";25543;63.7897
1126;"112619110";"Civil Engineering";"JEE";25551;63.7496
5169;"516919110";"Civil Engineering";"JEE";25571;63.7496
1101;"110135610";"Electrical Engg[Electronics and Power]";"JEE";25646;63.6696
1128;"112824210";"Computer Science and Engineering";"JEE";25694;63.6696
5173;"517324510";"Computer Engineering";"JEE";25736;63.6696
6141;"614119110";"Civil Engineering";"JEE";25741;63.6696
2129;"212924210";"Computer Science and Engineering";"JEE";25751;63.6696
4123;"412319110";"Civil Engineering";"JEE";25812;63.4977
4151;"415100210";"Aeronautical Engineering";"JEE";25842;63.4811
6272;"627262610";"Production Engineering[Sandwich]";"JEE";25845;63.4811
6156;"615637210";"Electronics and Telecommunication
Engg";"JEE";25920;63.4811
5177;"517724510";"Computer Engineering";"JEE";26064;63.213
3207;"320790010";"Electronics and Computer Science";"JEE";26069;63.213
6622;"662237210";"Electronics and Telecommunication
Engg";"JEE";26135;63.0112
6177;"617719120";"Civil Engineering";"JEE";26338;62.7368
5160;"516062410";"Mechatronics Engineering";"JEE";26373;62.7368
6250;"625050710";"Chemical Engineering";"JEE";26382;62.7368
6839;"683924210";"Computer Science and Engineering";"JEE";26403;62.7368
5152;"515224610";"Information Technology";"JEE";26454;62.7368
6145;"614537210";"Electronics and Telecommunication
Engg";"JEE";26485;62.6356
5172;"517219110";"Civil Engineering";"JEE";26690;62.1723
6138;"613819110";"Civil Engineering";"JEE";26692;62.1723
6267;"626719110";"Civil Engineering";"JEE";26715;62.1723
5121;"512150710";"Chemical Engineering";"JEE";26730;62.1723
6207;"620791610";"Automation and Robotics";"JEE";26893;61.8106
5396;"539624510";"Computer Engineering";"JEE";26984;61.8069
4174;"417429310";"Electrical Engineering";"JEE";26989;61.8069
1182;"118229310";"Electrical Engineering";"JEE";27077;61.7968
1105;"110524610";"Information Technology";"JEE";27110;61.7968
6277;"627724510";"Computer Engineering";"JEE";27133;61.7968
6625;"662524510";"Computer Engineering";"JEE";27172;61.7365
3183;"318360210";"Automobile Engineering";"JEE";27355;61.4689
6250;"625037210";"Electronics and Telecommunication
Engg";"JEE";27477;61.3915
6222;"622288610";"Man Made Textile Technology";"JEE";27548;61.245
4171;"417108210";"Bio Technology";"JEE";27586;61.245
6315;"631561210";"Mechanical Engineering";"JEE";27588;61.245
1121;"112124210";"Computer Science and Engineering";"JEE";27591;61.245
6176;"617629310";"Electrical Engineering";"JEE";27634;61.245
4174;"417419110";"Civil Engineering";"JEE";27740;60.9326
6609;"660924510";"Computer Engineering";"JEE";27789;60.9283
5172;"517237210";"Electronics and Telecommunication
Engg";"JEE";27831;60.9283
6184;"618424610";"Information Technology";"JEE";27911;60.7107
6265;"626537610";"Electronics Engineering";"JEE";27988;60.6137
6284;"628437210";"Electronics and Telecommunication
Engg";"JEE";27989;60.6137
2533;"253324210";"Computer Science and Engineering";"JEE";28011;60.6137
4134;"413424210";"Computer Science and Engineering";"JEE";28143;60.3745
5121;"512161210";"Mechanical Engineering";"JEE";28190;60.2733
3196;"319629310";"Electrical Engineering";"JEE";28198;60.2733
5172;"517229310";"Electrical Engineering";"JEE";28206;60.2733
6797;"679724210";"Computer Science and Engineering";"JEE";28301;60.1411
4147;"414724610";"Information Technology";"JEE";28340;60.1411
2126;"212624210";"Computer Science and Engineering";"JEE";28413;60.1371
3471;"347199510";"Artificial Intelligence and Data Science";"JEE";28436;60.1371
3200;"320091110";"Computer Science and
Engineering(Artificial Intelligence and
Machine Learning)";"JEE";28460;60.1371
6138;"613824610";"Information Technology";"JEE";28471;60.1371
6768;"676824510";"Computer Engineering";"JEE";28516;60.0851
3175;"317550710";"Chemical Engineering";"JEE";28691;59.8178
3187;"318719110";"Civil Engineering";"JEE";28696;59.8178
6781;"678161210";"Mechanical Engineering";"JEE";28720;59.681
3194;"319461220";"Mechanical Engineering";"JEE";28729;59.4964
4304;"430424510F";"Computer Engineering";"JEE";28783;59.4964
6815;"681524510";"Computer Engineering";"JEE";28885;59.4364
5103;"510324510";"Computer Engineering";"JEE";28943;59.4364
5160;"516029310";"Electrical Engineering";"JEE";28988;59.369
4133;"413361210";"Mechanical Engineering";"JEE";29000;59.369
4137;"413737210";"Electronics and Telecommunication
Engg";"JEE";29021;59.369
6317;"631799510";"Artificial Intelligence and Data Science";"JEE";29034;59.369
5162;"516229310";"Electrical Engineering";"JEE";29266;58.9066
6268;"626850710";"Chemical Engineering";"JEE";29498;58.7898
4104;"410425110";"Computer Technology";"JEE";29606;58.6925
6155;"615591710";"Data Science";"JEE";29699;58.3783
5330;"533024610";"Information Technology";"JEE";29713;58.3467
3200;"320024610";"Information Technology";"JEE";29803;58.2064
5121;"512129320";"Electrical Engineering";"JEE";29807;58.2064
6270;"627024210";"Computer Science and Engineering";"JEE";29827;58.2064
4147;"414737210";"Electronics and Telecommunication
Engg";"JEE";29878;58.1319
1265;"126524210";"Computer Science and Engineering";"JEE";30222;57.5033
3187;"318791810";"Civil and infrastructure Engineering";"JEE";30229;57.5033
3222;"322237210";"Electronics and Telecommunication
Engg";"JEE";30236;57.5033
5172;"517261210";"Mechanical Engineering";"JEE";30391;57.424
3189;"318937210";"Electronics and Telecommunication
Engg";"JEE";30403;57.424
3194;"319419110";"Civil Engineering";"JEE";30414;57.424
4179;"417999510";"Artificial Intelligence and Data Science";"JEE";30630;57.1183
3194;"319437210";"Electronics and Telecommunication
Engg";"JEE";30732;57.0328
6222;"622237210";"Electronics and Telecommunication
Engg";"JEE";30784;57.0328
6222;"622289510";"Textile Plant Engineering";"JEE";30834;57.0234
3207;"320760210";"Automobile Engineering";"JEE";30955;56.9812
6755;"675537210";"Electronics and Telecommunication
Engg";"JEE";31139;56.5877
4142;"414219110";"Civil Engineering";"JEE";31171;56.205
4144;"414424210";"Computer Science and Engineering";"JEE";31230;56.1546
6144;"614424610";"Information Technology";"JEE";31244;56.1197
6762;"676224210";"Computer Science and Engineering";"JEE";31297;56.1197
5104;"510450710";"Chemical Engineering";"JEE";31390;56.1055
5121;"512121910";"Robotics and Automation";"JEE";31474;56.1055
3218;"321861210";"Mechanical Engineering";"JEE";31518;56.1055
3190;"319019110";"Civil Engineering";"JEE";31533;56.1055
2127;"212724610";"Information Technology";"JEE";31570;56.0948
6303;"630324210";"Computer Science and Engineering";"JEE";31657;56.0948
4104;"410424610";"Information Technology";"JEE";31689;55.9786
6207;"620719110";"Civil Engineering";"JEE";31705;55.9656
1114;"111424610";"Information Technology";"JEE";31828;55.9656
4138;"413819110";"Civil Engineering";"JEE";31921;55.9352
6139;"613929310";"Electrical Engineering";"JEE";31994;55.9352
6298;"629837210";"Electronics and Telecommunication
Engg";"JEE";32038;55.7621
5152;"515291710";"Data Science";"JEE";32084;55.6161
1120;"112050710";"Chemical Engineering";"JEE";32100;55.6161
4142;"414261210";"Mechanical Engineering";"JEE";32131;55.6161
6178;"617837210";"Electronics and Telecommunication
Engg";"JEE";32152;55.6161
3187;"318750710";"Chemical Engineering";"JEE";32343;55.501
5411;"541161210";"Mechanical Engineering";"JEE";32374;55.501
6794;"679424610";"Information Technology";"JEE";32393;55.4846
4123;"412337210";"Electronics and Telecommunication
Engg";"JEE";32402;55.4846
4177;"417737010";"Electronics and Communication
Engineering";"JEE";32456;55.0707
6265;"626561210";"Mechanical Engineering";"JEE";32488;54.8725
5104;"510424610";"Information Technology";"JEE";32672;54.521
6285;"628537210F";"Electronics and Telecommunication
Engg";"JEE";32704;54.521
5125;"512524610";"Information Technology";"JEE";32830;54.4855
4145;"414524210";"Computer Science and Engineering";"JEE";32843;54.4855
3447;"344724510";"Computer Engineering";"JEE";32862;54.4855
5130;"513024510";"Computer Engineering";"JEE";32960;54.3233
1128;"112824610";"Information Technology";"JEE";33372;53.5862
6282;"628229310";"Electrical Engineering";"JEE";33427;53.5743
6268;"626837210";"Electronics and Telecommunication
Engg";"JEE";33439;53.5743
3203;"320329310";"Electrical Engineering";"JEE";33454;53.5389
6122;"612237210";"Electronics and Telecommunication
Engg";"JEE";33524;53.5211
3216;"321624510";"Computer Engineering";"JEE";33695;53.2188
4174;"417461210";"Mechanical Engineering";"JEE";33775;53.0794
3439;"343937210";"Electronics and Telecommunication
Engg";"JEE";33788;53.0794
6178;"617837220";"Electronics and Telecommunication
Engg";"JEE";33862;52.9664
3208;"320861210";"Mechanical Engineering";"JEE";33880;52.9664
1268;"126824210";"Computer Science and Engineering";"JEE";33917;52.874
5121;"512161220";"Mechanical Engineering";"JEE";33987;52.874
6758;"675824510";"Computer Engineering";"JEE";34055;52.7711
5170;"517024210";"Computer Science and Engineering";"JEE";34075;52.7711
4138;"413829310";"Electrical Engineering";"JEE";34084;52.7711
6176;"617619110";"Civil Engineering";"JEE";34110;52.3324
4167;"416735610";"Electrical Engg[Electronics and Power]";"JEE";34299;52.3028
6207;"620746610";"Instrumentation Engineering";"JEE";34382;52.3028
1117;"111719110";"Civil Engineering";"JEE";34394;52.3028
4649;"464919110";"Civil Engineering";"JEE";34410;52.3028
5177;"517724610";"Information Technology";"JEE";34506;52.0563
3194;"319446610";"Instrumentation Engineering";"JEE";34619;51.8402
1120;"112037210";"Electronics and Telecommunication
Engg";"JEE";34819;51.8102
6141;"614161210";"Mechanical Engineering";"JEE";34877;51.8102
5173;"517399510";"Artificial Intelligence and Data Science";"JEE";35021;51.6183
4177;"417719110";"Civil Engineering";"JEE";35148;51.4351
3190;"319037210";"Electronics and Telecommunication
Engg";"JEE";35279;50.7705
5390;"539061210";"Mechanical Engineering";"JEE";35319;50.7705
5170;"517019110";"Civil Engineering";"JEE";35330;50.7705
6794;"679499510";"Artificial Intelligence and Data Science";"JEE";35344;50.7345
5390;"539024510";"Computer Engineering";"JEE";35375;50.674
6320;"632024510";"Computer Engineering";"JEE";35441;50.4963
1125;"112519110";"Civil Engineering";"JEE";35875;50.1933
4142;"414229310";"Electrical Engineering";"JEE";35881;50.1933
6149;"614924510";"Computer Engineering";"JEE";35899;50.176
3154;"315491210";"Computer Science and
Engineering(Data Science)";"JEE";35998;50.176
6759;"675924510";"Computer Engineering";"JEE";36006;50.176
5182;"518224510";"Computer Engineering";"JEE";36181;50.0065
5449;"544919110";"Civil Engineering";"JEE";36188;50.0065
1265;"126537210";"Electronics and Telecommunication
Engg";"JEE";36227;49.651
6222;"622229310";"Electrical Engineering";"JEE";36351;49.6417
2126;"212661210";"Mechanical Engineering";"JEE";36447;49.4031
6203;"620362410";"Mechatronics Engineering";"JEE";36449;49.4031
6122;"612261220";"Mechanical Engineering";"JEE";36520;49.063
5170;"517099410";"Robotics";"JEE";36530;49.063
5152;"515299710";"Artificial Intelligence";"JEE";36606;48.8734
5108;"510837210";"Electronics and Telecommunication
Engg";"JEE";36654;48.8734
6794;"679437210";"Electronics and Telecommunication
Engg";"JEE";36690;48.7595
4139;"413924210";"Computer Science and Engineering";"JEE";36722;48.6407
2112;"211224210";"Computer Science and Engineering";"JEE";36791;48.6407
4138;"413837210";"Electronics and Telecommunication
Engg";"JEE";37175;48.0636
5139;"513961210";"Mechanical Engineering";"JEE";37285;47.8237
4193;"419324210";"Computer Science and Engineering";"JEE";37319;47.8237
5108;"510819110";"Civil Engineering";"JEE";37351;47.8237
6222;"622289010";"Textile Chemistry";"JEE";37370;47.8237
5396;"539619110";"Civil Engineering";"JEE";37658;47.3985
5124;"512424510";"Computer Engineering";"JEE";37665;47.3985
6182;"618219110";"Civil Engineering";"JEE";37715;47.3985
5162;"516260610";"Production Engineering";"JEE";37870;47.2244
3423;"342390010";"Electronics and Computer Science";"JEE";37932;47.2195
6622;"662261210";"Mechanical Engineering";"JEE";37950;47.2195
6187;"618761210";"Mechanical Engineering";"JEE";37952;47.2195
6802;"680219110";"Civil Engineering";"JEE";38001;47.1463
5449;"544929310";"Electrical Engineering";"JEE";38183;47.0408
6732;"673219110";"Civil Engineering";"JEE";38225;47.0408
3219;"321924610";"Information Technology";"JEE";38391;47.0339
6632;"663219110";"Civil Engineering";"JEE";38393;47.0339
2129;"212924610";"Information Technology";"JEE";38472;46.6044
5162;"516261210";"Mechanical Engineering";"JEE";38526;46.2177
3423;"342337210";"Electronics and Telecommunication
Engg";"JEE";38580;46.2177
3148;"314890010";"Electronics and Computer Science";"JEE";38636;46.0805
4151;"415124210";"Computer Science and Engineering";"JEE";38797;45.7902
1127;"112724510";"Computer Engineering";"JEE";38805;45.7902
6183;"618324510";"Computer Engineering";"JEE";38861;45.7805
3206;"320661210";"Mechanical Engineering";"JEE";38904;45.7805
5184;"518424510";"Computer Engineering";"JEE";38922;45.7805
6796;"679619110";"Civil Engineering";"JEE";38998;45.5907
3471;"347119110";"Civil Engineering";"JEE";39097;45.3473
6160;"616037210";"Electronics and Telecommunication
Engg";"JEE";39109;45.2456
6206;"620661210";"Mechanical Engineering";"JEE";39193;45.0374
5449;"544961210";"Mechanical Engineering";"JEE";39209;45.0374
3147;"314724510";"Computer Engineering";"JEE";39225;45.0374
6769;"676919110";"Civil Engineering";"JEE";39242;45.0374
5382;"538224510";"Computer Engineering";"JEE";39295;44.9736
6803;"680324210";"Computer Science and Engineering";"JEE";39330;44.9736
6267;"626761210";"Mechanical Engineering";"JEE";39374;44.6528
6277;"627737010";"Electronics and Telecommunication
Engg";"JEE";39575;44.4347
6649;"664937210";"Electronics and Telecommunication
Engg";"JEE";39607;44.4347
1265;"126535610";"Electrical Engg[Electronics and Power]";"JEE";39683;44.4053
3146;"314692010";"Computer Science and Engineering
(Internet of Things and Cyber Security
Including Block Chain Technology)";"JEE";39700;44.4053
3188;"318837210";"Electronics and Telecommunication
Engg";"JEE";39763;44.322
1123;"112324210";"Computer Science and Engineering";"JEE";39766;44.322
1114;"111419110";"Civil Engineering";"JEE";39773;44.322
5103;"510319110";"Civil Engineering";"JEE";39849;44.3133
4193;"419329310";"Electrical Engineering";"JEE";40137;43.9085
3219;"321924510";"Computer Engineering";"JEE";40384;43.1389
5401;"540124510";"Computer Engineering";"JEE";40385;43.1389
6311;"631137210";"Electronics and Telecommunication
Engg";"JEE";40448;43.1389
6149;"614924610";"Information Technology";"JEE";40459;43.1389
5411;"541129310";"Electrical Engineering";"JEE";40540;42.8699
2114;"211461210";"Mechanical Engineering";"JEE";40743;42.4413
5399;"539924510";"Computer Engineering";"JEE";40746;42.4413
2127;"212719110";"Civil Engineering";"JEE";40820;42.4413
6269;"626950710";"Chemical Engineering";"JEE";41323;42.1319
3198;"319824510";"Computer Engineering";"JEE";41437;41.7293
6313;"631324510";"Computer Engineering";"JEE";41526;41.516
5411;"541124510";"Computer Engineering";"JEE";41619;41.2725
5125;"512537210";"Electronics and Telecommunication
Engg";"JEE";41659;41.2725
5109;"510961210";"Mechanical Engineering";"JEE";41797;41.1445
3217;"321724510";"Computer Engineering";"JEE";41816;41.1445
5408;"540824510";"Computer Engineering";"JEE";41905;40.876
6277;"627724610";"Information Technology";"JEE";41965;40.7696
6283;"628319110";"Civil Engineering";"JEE";42015;40.7696
4179;"417919110";"Civil Engineering";"JEE";42178;40.6861
4139;"413937210";"Electronics and Telecommunication
Engg";"JEE";42244;40.6058
3189;"318961210";"Mechanical Engineering";"JEE";42270;40.6058
4163;"416324210";"Computer Science and Engineering";"JEE";42308;40.4857
6839;"683991210";"Computer Science and
Engineering(Data Science)";"JEE";42337;40.3678
6284;"628461210";"Mechanical Engineering";"JEE";42347;40.3678
1105;"110519110";"Civil Engineering";"JEE";42392;40.1103
4136;"413619110";"Civil Engineering";"JEE";42478;39.9074
4145;"414529310";"Electrical Engineering";"JEE";42539;39.9074
3475;"347561210";"Mechanical Engineering";"JEE";42645;39.6393
4133;"413319110";"Civil Engineering";"JEE";42735;39.6393
3216;"321661210";"Mechanical Engineering";"JEE";42797;39.373
6298;"629821910";"Robotics and Automation";"JEE";42809;39.373
3203;"320337610";"Electronics Engineering";"JEE";42817;39.373
5104;"510408210";"Bio Technology";"JEE";43076;39.0696
4144;"414424610";"Information Technology";"JEE";43241;39.0067
2252;"225229710";"Electrical and Electronics Engineering";"JEE";43704;38.2578
6284;"628419110";"Civil Engineering";"JEE";43868;37.756
5170;"517029310";"Electrical Engineering";"JEE";43902;37.3316
6732;"673237210";"Electronics and Telecommunication
Engg";"JEE";44161;37.2476
1120;"112061210";"Mechanical Engineering";"JEE";44335;37.1006
1180;"118024210";"Computer Science and Engineering";"JEE";44368;36.9338
6207;"620761210";"Mechanical Engineering";"JEE";44474;36.7327
2138;"213829310";"Electrical Engineering";"JEE";44525;36.6681
6139;"613929320";"Electrical Engineering";"JEE";44633;36.6207
2134;"213424210";"Computer Science and Engineering";"JEE";44778;35.6771
3198;"319824610";"Information Technology";"JEE";44944;35.431
6267;"626792210";"Civil and Environmental Engineering";"JEE";44999;35.2427
5104;"510429310";"Electrical Engineering";"JEE";45334;34.7484
2111;"211161210";"Mechanical Engineering";"JEE";45457;34.4909
6155;"615561210";"Mechanical Engineering";"JEE";45486;34.4909
5124;"512429310";"Electrical Engineering";"JEE";45513;34.4909
6802;"680261210";"Mechanical Engineering";"JEE";45605;34.3267
3471;"347162410";"Mechatronics Engineering";"JEE";45609;34.3267
4195;"419561210";"Mechanical Engineering";"JEE";45737;33.7254
1116;"111624210";"Computer Science and Engineering";"JEE";45857;33.581
1128;"112837210";"Electronics and Telecommunication
Engg";"JEE";45867;33.581
6757;"675724210";"Computer Science and Engineering";"JEE";45920;33.581
6217;"621724210";"Computer Science and Engineering";"JEE";45950;33.2779
4151;"415124610";"Information Technology";"JEE";46013;33.254
6315;"631524210";"Computer Science and Engineering";"JEE";46049;33.254
2116;"211629310";"Electrical Engineering";"JEE";46078;33.254
6732;"673261210";"Mechanical Engineering";"JEE";46130;33.0742
5161;"516161210";"Mechanical Engineering";"JEE";46168;33.032
2133;"213324210";"Computer Science and Engineering";"JEE";46206;32.7674
6644;"664424510";"Computer Engineering";"JEE";46266;32.6666
5164;"516446610";"Instrumentation Engineering";"JEE";46368;32.6279
6222;"622219110";"Civil Engineering";"JEE";46485;32.3065
5162;"516237610";"Electronics Engineering";"JEE";46572;32.0485
6322;"632224510";"Computer Engineering";"JEE";46791;31.7643
5125;"512561210";"Mechanical Engineering";"JEE";46796;31.7643
6275;"627537210";"Electronics and Telecommunication
Engg";"JEE";46860;31.7643
2127;"212737210";"Electronics and Telecommunication
Engg";"JEE";46959;31.6267
3206;"320624510";"Computer Engineering";"JEE";46976;31.6267
4139;"413929310";"Electrical Engineering";"JEE";46996;31.6267
6220;"622037210";"Electronics and Telecommunication
Engg";"JEE";47060;31.5668
4138;"413861210";"Mechanical Engineering";"JEE";47102;31.5668
6310;"631037210";"Electronics and Telecommunication
Engg";"JEE";47150;31.5668
3222;"322224610";"Information Technology";"JEE";47468;30.4835
5160;"516019110";"Civil Engineering";"JEE";47519;30.4343
3198;"319861210";"Mechanical Engineering";"JEE";47663;30.3864
5106;"510624510";"Computer Engineering";"JEE";47685;30.3864
5418;"541829310";"Electrical Engineering";"JEE";47692;30.3864
5125;"512529310";"Electrical Engineering";"JEE";47695;30.3864
6274;"627484310";"Printing Technology";"JEE";47764;30.0602
1276;"127661210";"Mechanical Engineering";"JEE";47787;30.0602
4172;"417237210";"Electronics and Telecommunication
Engg";"JEE";47818;29.8565
4141;"414124510";"Computer Engineering";"JEE";47937;29.2237
5184;"518461210";"Mechanical Engineering";"JEE";48019;29.1868
3423;"342319110";"Civil Engineering";"JEE";48075;29.1227
5179;"517924510";"Computer Engineering";"JEE";48118;29.0079
6649;"664919110";"Civil Engineering";"JEE";48190;29.0025
3154;"315461210";"Mechanical Engineering";"JEE";48267;29.0025
4136;"413637210";"Electronics and Telecommunication
Engg";"JEE";48314;28.838
1121;"112124610";"Information Technology";"JEE";48332;28.838
4188;"418829310";"Electrical Engineering";"JEE";48572;27.8187
6545;"654561210";"Mechanical Engineering";"JEE";48665;27.5437
4137;"413729310";"Electrical Engineering";"JEE";48810;27.3652
2111;"211124210";"Computer Science and Engineering";"JEE";48867;27.3652
3219;"321991110";"Computer Science and
Engineering(Artificial Intelligence and
Machine Learning)";"JEE";48896;27.3652
3202;"320224510";"Computer Engineering";"JEE";48907;27.3652
6145;"614529310";"Electrical Engineering";"JEE";48980;27.1112
6178;"617861220";"Mechanical Engineering";"JEE";49218;26.2649
6298;"629819110";"Civil Engineering";"JEE";49222;26.2649
3465;"346524510";"Computer Engineering";"JEE";49243;26.2649
6187;"618737210";"Electronics and Telecommunication
Engg";"JEE";49263;26.085
1119;"111924210";"Computer Science and Engineering";"JEE";49320;25.9994
3475;"347519110";"Civil Engineering";"JEE";49363;25.9994
6178;"617861210";"Mechanical Engineering";"JEE";49402;25.8497
1105;"110519120";"Civil Engineering";"JEE";49614;25.1628
6207;"620761220";"Mechanical Engineering";"JEE";49751;24.8403
3351;"335191110";"Engineering(Artificial Intelligence and";"JEE";49900;24.5299
4163;"416337010";"Electronics and Communication
Engineering";"JEE";49947;24.4951
6156;"615629310";"Electrical Engineering";"JEE";49963;24.4475
4195;"419524210";"Computer Science and Engineering";"JEE";50027;24.3985
2127;"212761210";"Mechanical Engineering";"JEE";50040;24.3985
6759;"675999510";"Artificial Intelligence and Data Science";"JEE";50077;24.3985
4190;"419061210";"Mechanical Engineering";"JEE";50166;23.9632
3206;"320691110";"Engineering(Artificial Intelligence and";"JEE";50173;23.9632
4145;"414561210";"Mechanical Engineering";"JEE";50175;23.9632
4118;"411824510";"Computer Engineering";"JEE";50263;23.7707
1265;"126561210";"Mechanical Engineering";"JEE";50313;23.68
3439;"343919110";"Civil Engineering";"JEE";50367;23.4733
3353;"335324510";"Computer Engineering";"JEE";50557;22.9335
3192;"319229310";"Electrical Engineering";"JEE";50620;22.7953
3187;"318737610";"Electronics Engineering";"JEE";50639;22.7953
6767;"676724510";"Computer Engineering";"JEE";50674;22.7915
4613;"461324510";"Computer Engineering";"JEE";50681;22.7915
4163;"416319110";"Civil Engineering";"JEE";50821;22.3649
6277;"627719110";"Civil Engineering";"JEE";50899;22.3649
5399;"539919110";"Civil Engineering";"JEE";50934;21.7804
1268;"126861210";"Mechanical Engineering";"JEE";50938;21.7804
3503;"350324510";"Computer Engineering";"JEE";51064;21.5882
6278;"627862510";"Mechanical Engineering[Sandwich]";"JEE";51273;21.4596
1123;"112337210";"Electronics and Telecommunication
Engg";"JEE";51448;21.272
3436;"343624510";"Computer Engineering";"JEE";51476;21.2197
5152;"515219110";"Civil Engineering";"JEE";51524;21.1611
5107;"510724510";"Computer Engineering";"JEE";51597;20.2469
4151;"415108210";"Bio Technology";"JEE";51749;19.8019
5409;"540924510";"Computer Engineering";"JEE";51800;19.8019
4172;"417229310";"Electrical Engineering";"JEE";51869;19.2493
4104;"410429310";"Electrical Engineering";"JEE";51911;19.2493
4139;"413961210";"Mechanical Engineering";"JEE";51956;19.155
6643;"664337210";"Electronics and Telecommunication
Engg";"JEE";52042;18.904
6272;"627246610";"Instrumentation Engineering";"JEE";52053;18.706
1128;"112829310";"Electrical Engineering";"JEE";52076;18.6441
6288;"628837210";"Electronics and Telecommunication
Engg";"JEE";52095;18.6441
1120;"112089310";"Textile Engineering / Technology";"JEE";52125;18.5776
1120;"112019110";"Civil Engineering";"JEE";52147;18.46
4179;"417929310";"Electrical Engineering";"JEE";52154;18.46
4136;"413629310";"Electrical Engineering";"JEE";52354;18.1818
5109;"510919110";"Civil Engineering";"JEE";52423;17.5411
5161;"516137210";"Electronics and Telecommunication
Engg";"JEE";52738;16.2968
4135;"413524210";"Computer Science and Engineering";"JEE";52747;16.2968
6283;"628329310";"Electrical Engineering";"JEE";52754;16.2221
3219;"321961210";"Mechanical Engineering";"JEE";52877;16.0566
3146;"314699510";"Artificial Intelligence and Data Science";"JEE";52897;16.0566
3175;"317537210";"Electronics and Telecommunication
Engg";"JEE";52903;16.0566
1116;"111661210";"Mechanical Engineering";"JEE";52912;16.0441
1107;"110729310";"Electrical Engineering";"JEE";53029;15.569
5162;"516219110";"Civil Engineering";"JEE";53090;15.2992
5151;"515119110";"Civil Engineering";"JEE";53128;15.1399
5164;"516419110";"Civil Engineering";"JEE";53218;14.6569
6206;"620637210";"Electronics and Telecommunication
Engg";"JEE";53383;14.3059
1123;"112319110";"Civil Engineering";"JEE";53439;14.2267
4171;"417129310";"Electrical Engineering";"JEE";53451;14.2187
4143;"414361210";"Mechanical Engineering";"JEE";53474;14.2187
6303;"630337210";"Electronics and Telecommunication
Engg";"JEE";53484;14.2187
5303;"530324510";"Computer Engineering";"JEE";53549;13.7371
2111;"211119110";"Civil Engineering";"JEE";53584;13.7371
4193;"419337010";"Electronics and Communication
Engineering";"JEE";53587;13.7371
1116;"111650710";"Chemical Engineering";"JEE";53638;13.401
6628;"662824510";"Computer Engineering";"JEE";53645;13.401
6545;"654524210";"Computer Science and Engineering";"JEE";53669;13.401
5103;"510337210";"Electronics and Telecommunication
Engg";"JEE";53670;13.401
6219;"621946110";"Bio Medical Engineering";"JEE";53706;13.3733
6834;"683419110";"Civil Engineering";"JEE";53896;12.2849
1125;"112524210";"Computer Science and Engineering";"JEE";53991;11.8327
2130;"213019110";"Civil Engineering";"JEE";54033;11.74
4193;"419361210";"Mechanical Engineering";"JEE";54035;11.74
6122;"612261210";"Mechanical Engineering";"JEE";54089;11.4941
6139;"613961210";"Mechanical Engineering";"JEE";54091;11.455
4188;"418861210";"Mechanical Engineering";"JEE";54128;11.2974
1130;"113024210";"Computer Science and Engineering";"JEE";54153;10.9604
5390;"539092110";"Artificial Intelligence and Machine
Learning";"JEE";54188;10.9604
6317;"631762410";"Mechatronics Engineering";"JEE";54248;10.9184
5181;"518119110";"Civil Engineering";"JEE";54283;10.7248
3146;"314637210";"Electronics and Telecommunication
Engg";"JEE";54309;10.6968
2129;"212937610";"Electronics Engineering";"JEE";54353;10.5202
4139;"413937610";"Electronics Engineering";"JEE";54383;10.4232
1276;"127624510";"Computer Engineering";"JEE";54501;9.72747
2112;"211219110";"Civil Engineering";"JEE";54532;9.52581
4171;"417137010";"Electronics and Communication
Engineering";"JEE";54539;9.24366
4304;"430437210F";"Electronics and Telecommunication
Engg";"JEE";54563;9.15477
4118;"411861210";"Mechanical Engineering";"JEE";54632;8.9639
3460;"346019110";"Civil Engineering";"JEE";54638;8.95817
4188;"418870110";"Mining Engineering";"JEE";54739;8.36587
4123;"412361210";"Mechanical Engineering";"JEE";54810;8.13755
6275;"627561210";"Mechanical Engineering";"JEE";54854;8.02546
3175;"317561210";"Mechanical Engineering";"JEE";54950;7.48497
5151;"515161210";"Mechanical Engineering";"JEE";55060;6.82826
4177;"417761210";"Mechanical Engineering";"JEE";55072;6.77047
6185;"618537210";"Electronics and Telecommunication
Engg";"JEE";55133;6.51011
4188;"418819110";"Civil Engineering";"JEE";55227;5.81476
6780;"678037210";"Electronics and Telecommunication
Engg";"JEE";55235;5.81476
6769;"676961210";"Mechanical Engineering";"JEE";55282;5.6071
6176;"617661210";"Mechanical Engineering";"JEE";55323;5.40549
5164;"516437210";"Electronics and Telecommunication
Engg";"JEE";55354;5.03587
1121;"112137210";"Electronics and Telecommunication
Engg";"JEE";55397;4.60292
4145;"414537210";"Electronics and Telecommunication
Engg";"JEE";55440;4.36376
6293;"629324210";"Computer Science and Engineering";"JEE";55453;4.36287
5411;"541137210";"Electronics and Telecommunication
Engg";"JEE";55476;4.34357
4151;"415161210";"Mechanical Engineering";"JEE";55507;3.95554
4304;"430461210F";"Mechanical Engineering";"JEE";55517;3.95523
6219;"621924210";"Computer Science and Engineering";"JEE";55520;3.92314
6317;"631719110";"Civil Engineering";"JEE";55561;3.64397
5106;"510629310";"Electrical Engineering";"JEE";55571;3.64397
4195;"419529310";"Electrical Engineering";"JEE";55600;3.39285
6185;"618561210";"Mechanical Engineering";"JEE";55602;3.39285
6268;"626861210";"Mechanical Engineering";"JEE";55603;3.39285
6632;"663224510";"Computer Engineering";"JEE";55682;2.6046
6319;"631919110";"Civil Engineering";"JEE";55735;2.10341
1126;"112624210";"Computer Science and Engineering";"JEE";55737;2.10341
1180;"118019110";"Civil Engineering";"JEE";55744;2.03159
1130;"113019110";"Civil Engineering";"JEE";55760;1.87712
4285;"428519110";"Civil Engineering";"JEE";55771;1.8353
1130;"113061210";"Mechanical Engineering";"JEE";55782;1.72006
4172;"417261210";"Mechanical Engineering";"JEE";55861;1.00632
1276;"127619110";"Civil Engineering";"JEE";55882;0.776475
5418;"541861210";"Mechanical Engineering";"MHT-CET";56584;95.5179
3218;"321837210";"Electronics and Telecommunication
Engg";"MHT-CET";57702;91.4432
6179;"617961210";"Mechanical Engineering";"MHT-CET";58005;90.508
3222;"322260210";"Automobile Engineering";"MHT-CET";58022;90.479
5181;"518137210";"Electronics and Telecommunication
Engg";"MHT-CET";59371;87.0496
3222;"322291110";"Computer Science and
Engineering(Artificial Intelligence and
Machine Learning)";"MHT-CET";59706;86.258
2516;"251624210";"Computer Science and Engineering";"MHT-CET";60800;83.9184
3200;"320050710";"Chemical Engineering";"MHT-CET";60808;83.9184
3460;"346092110";"Artificial Intelligence and Machine
Learning";"MHT-CET";60898;83.7542
5152;"515229310";"Electrical Engineering";"MHT-CET";62051;81.3054
5108;"510861210";"Mechanical Engineering";"MHT-CET";62184;81.0163
3467;"346791110";"Computer Science and
Engineering(Artificial Intelligence and
Machine Learning)";"MHT-CET";62291;80.8183
6206;"620646610";"Instrumentation Engineering";"MHT-CET";63196;78.9697
3477;"347761210";"Mechanical Engineering";"MHT-CET";63431;78.4854
6324;"632424510";"Computer Engineering";"MHT-CET";63483;78.3912
6311;"631129310";"Electrical Engineering";"MHT-CET";63497;78.3207
3175;"317529310";"Electrical Engineering";"MHT-CET";65589;74.3379
4147;"414761210";"Mechanical Engineering";"MHT-CET";65969;73.5329
3154;"315419110";"Civil Engineering";"MHT-CET";66445;72.5776
2522;"252224510";"Computer Engineering";"MHT-CET";66726;71.9509
6183;"618337210";"Electronics and Telecommunication
Engg";"MHT-CET";66898;71.6975
4172;"417219110";"Civil Engineering";"MHT-CET";66912;71.6975
3206;"320629310";"Electrical Engineering";"MHT-CET";67275;71.0406
6419;"641937010";"Electronics and Communication
Engineering";"MHT-CET";67508;70.5748
6419;"641961210";"Mechanical Engineering";"MHT-CET";69286;66.9448
3196;"319661210";"Mechanical Engineering";"MHT-CET";69458;66.753
3439;"343929310";"Electrical Engineering";"MHT-CET";69625;66.5276
6796;"679661210";"Mechanical Engineering";"MHT-CET";69641;66.5205
6878;"687819110";"Civil Engineering";"MHT-CET";69960;66.0448
1105;"110537210";"Electronics and Telecommunication
Engg";"MHT-CET";70141;65.2761
6635;"663524510";"Computer Engineering";"MHT-CET";70260;65.0496
3423;"342361210";"Mechanical Engineering";"MHT-CET";70452;64.9941
3467;"346761210";"Mechanical Engineering";"MHT-CET";70794;64.0086
3224;"322424510";"Computer Engineering";"MHT-CET";70800;64.0086
6625;"662561210";"Mechanical Engineering";"MHT-CET";71442;62.8864
3445;"344525410";"Computer Science and Technology";"MHT-CET";71669;62.4155
3190;"319062410";"Mechatronics Engineering";"MHT-CET";71823;61.8219
3212;"321237210";"Electronics and Telecommunication
Engg";"MHT-CET";72509;60.5737
6634;"663437210";"Electronics and Telecommunication
Engg";"MHT-CET";72842;59.6158
1119;"111950710";"Chemical Engineering";"MHT-CET";73825;57.9531
6310;"631061210";"Mechanical Engineering";"MHT-CET";74029;57.1344
6319;"631924510";"Computer Engineering";"MHT-CET";74163;57.0105
3439;"343961210";"Mechanical Engineering";"MHT-CET";74546;56.2223
6284;"628429310";"Electrical Engineering";"MHT-CET";74720;55.7162
3210;"321037210";"Electronics and Telecommunication
Engg";"MHT-CET";75271;54.524
3190;"319037610";"Electronics Engineering";"MHT-CET";75510;54.1568
3221;"322119110";"Civil Engineering";"MHT-CET";75568;54.1113
6160;"616061210";"Mechanical Engineering";"MHT-CET";76031;52.9257
2573;"257324510";"Computer Engineering";"MHT-CET";76033;52.9257
6220;"622029310";"Electrical Engineering";"MHT-CET";76122;52.7484
1117;"111724210";"Computer Science and Engineering";"MHT-CET";76530;52.0094
2250;"225037210";"Electronics and Telecommunication
Engg";"MHT-CET";76687;51.6391
3223;"322337210";"Electronics and Telecommunication
Engg";"MHT-CET";76690;51.6391
6122;"612219110";"Civil Engineering";"MHT-CET";76833;50.9893
4135;"413519110";"Civil Engineering";"MHT-CET";77659;49.4728
2254;"225424510";"Computer Engineering";"MHT-CET";77699;49.4728
5139;"513937210";"Electronics and Telecommunication
Engg";"MHT-CET";77743;49.4728
6177;"617761210";"Mechanical Engineering";"MHT-CET";77986;48.4999
6184;"618437210";"Electronics and Telecommunication
Engg";"MHT-CET";78057;48.4999
6305;"630524610";"Information Technology";"MHT-CET";78092;48.1429
1116;"111619110";"Civil Engineering";"MHT-CET";78175;47.7783
6321;"632124210";"Computer Science and Engineering";"MHT-CET";78306;47.7446
4123;"412335610";"Electrical Engg[Electronics and Power]";"MHT-CET";78401;47.5835
3175;"317519120";"Civil Engineering";"MHT-CET";78548;46.7882
6156;"615661220";"Mechanical Engineering";"MHT-CET";78912;46.3613
6308;"630824510";"Computer Engineering";"MHT-CET";79291;45.7227
3222;"322261210";"Mechanical Engineering";"MHT-CET";80477;42.6019
2130;"213024210";"Computer Science and Engineering";"MHT-CET";80496;42.6019
3187;"318761210";"Mechanical Engineering";"MHT-CET";80502;42.6019
3224;"322491110";"Computer Science and
Engineering(Artificial Intelligence and
Machine Learning)";"MHT-CET";80636;41.8722
6755;"675561210";"Mechanical Engineering";"MHT-CET";80736;41.7487
3189;"318946610";"Instrumentation Engineering";"MHT-CET";80767;41.7487
6270;"627019110";"Civil Engineering";"MHT-CET";80820;41.7487
5381;"538124210";"Computer Science and Engineering";"MHT-CET";81416;40.1593
5380;"538024510";"Computer Engineering";"MHT-CET";81493;39.9525
5124;"512424610";"Information Technology";"MHT-CET";81747;39.4861
2138;"213824210";"Computer Science and Engineering";"MHT-CET";81936;38.3158
6315;"631529310";"Electrical Engineering";"MHT-CET";81976;38.3158
2114;"211419110";"Civil Engineering";"MHT-CET";82159;38.2409
6808;"680837210";"Electronics and Telecommunication
Engg";"MHT-CET";82527;36.8262
6317;"631737210";"Electronics and Telecommunication
Engg";"MHT-CET";82555;36.8262
6839;"683929310";"Electrical Engineering";"MHT-CET";82651;36.7988
2129;"212919110";"Civil Engineering";"MHT-CET";82679;36.7977
4196;"419624210";"Computer Science and Engineering";"MHT-CET";82737;36.7977
6317;"631729310";"Electrical Engineering";"MHT-CET";82816;36.2153
5139;"513950710";"Chemical Engineering";"MHT-CET";82890;36.1998
6326;"632624210";"Computer Science and Engineering";"MHT-CET";83078;35.6415
6772;"677237210";"Electronics and Telecommunication
Engg";"MHT-CET";83449;34.5488
2250;"225019110";"Civil Engineering";"MHT-CET";83482;34.4634
4135;"413524610";"Information Technology";"MHT-CET";83591;34.3313
2533;"253319110";"Civil Engineering";"MHT-CET";83639;34.0528
6250;"625061210";"Mechanical Engineering";"MHT-CET";83866;33.2795
3465;"346561210";"Mechanical Engineering";"MHT-CET";84002;32.8633
2135;"213524210";"Computer Science and Engineering";"MHT-CET";84081;32.6883
5173;"517319110";"Civil Engineering";"MHT-CET";84090;32.6883
6901;"690124210";"Computer Science and Engineering";"MHT-CET";84237;32.0471
6755;"675519110";"Civil Engineering";"MHT-CET";84687;31.167
5331;"533137210";"Electronics and Telecommunication
Engg";"MHT-CET";84915;30.219
4144;"414461210";"Mechanical Engineering";"MHT-CET";84981;29.9393
1114;"111437210";"Electronics and Telecommunication
Engg";"MHT-CET";85201;29.4873
6466;"646624210";"Computer Science and Engineering";"MHT-CET";85605;28.1826
6269;"626961210";"Mechanical Engineering";"MHT-CET";85654;28.1675
6184;"618419110";"Civil Engineering";"MHT-CET";85705;28.0907
3471;"347129310";"Electrical Engineering";"MHT-CET";85784;28.0907
4175;"417524210";"Computer Science and Engineering";"MHT-CET";85856;28.0164
6304;"630424210";"Computer Science and Engineering";"MHT-CET";85905;27.87
3190;"319061210";"Mechanical Engineering";"MHT-CET";86116;26.5477
2113;"211319110";"Civil Engineering";"MHT-CET";86274;26.1518
2533;"253329310";"Electrical Engineering";"MHT-CET";86288;26.1518
4151;"415119110";"Civil Engineering";"MHT-CET";86470;25.1732
4145;"414599510";"Artificial Intelligence and Data Science";"MHT-CET";86555;25.1347
2141;"214137210";"Electronics and Telecommunication
Engg";"MHT-CET";86556;25.1347
4179;"417937010";"Electronics and Communication
Engineering";"MHT-CET";86606;25.0443
6293;"629329310";"Electrical Engineering";"MHT-CET";86653;25.0126
6307;"630719110";"Civil Engineering";"MHT-CET";86720;24.9746
4133;"413324510";"Computer Engineering";"MHT-CET";86885;24.7075
6214;"621462410";"Mechatronics Engineering";"MHT-CET";87071;23.6497
6250;"625019110";"Civil Engineering";"MHT-CET";87100;23.5047
3175;"317519110";"Civil Engineering";"MHT-CET";87221;23.1246
4613;"461337210";"Electronics and Telecommunication
Engg";"MHT-CET";87225;23.1246
6293;"629337210";"Electronics and Telecommunication
Engg";"MHT-CET";87401;22.4513
5171;"517124510";"Computer Engineering";"MHT-CET";87478;22.3397
6220;"622019110";"Civil Engineering";"MHT-CET";87524;22.0731
3200;"320029310";"Electrical Engineering";"MHT-CET";87543;22.0509
6649;"664929310";"Electrical Engineering";"MHT-CET";87696;21.9132
6268;"626819110";"Civil Engineering";"MHT-CET";87732;21.6082
5108;"510846410";"Instrumentation and Control
Engineering";"MHT-CET";87776;21.6082
4190;"419024210";"Computer Science and Engineering";"MHT-CET";87824;21.4906
6640;"664037210";"Electronics and Telecommunication
Engg";"MHT-CET";87944;20.7823
4104;"410437010";"Electronics and Communication
Engineering";"MHT-CET";87960;20.7823
5103;"510361210";"Mechanical Engineering";"MHT-CET";87961;20.7823
6203;"620319110";"Civil Engineering";"MHT-CET";88110;20.0387
5331;"533161210";"Mechanical Engineering";"MHT-CET";88159;19.9044
6643;"664319110";"Civil Engineering";"MHT-CET";88170;19.8182
2533;"253399510";"Artificial Intelligence and Data Science";"MHT-CET";88303;19.485
6795;"679524510";"Computer Engineering";"MHT-CET";88426;19.3401
4163;"416361210";"Mechanical Engineering";"MHT-CET";88562;18.8857
6203;"620361210";"Mechanical Engineering";"MHT-CET";88577;18.4796
4104;"410419110";"Civil Engineering";"MHT-CET";88696;18.3983
6762;"676229310";"Electrical Engineering";"MHT-CET";88732;18.3983
3223;"322329310";"Electrical Engineering";"MHT-CET";88768;18.1974
6766;"676624510";"Computer Engineering";"MHT-CET";88878;17.564
6214;"621461610";"Mechanical Engineering Automobile";"MHT-CET";89046;16.9155
6138;"613837210";"Electronics and Telecommunication
Engg";"MHT-CET";89319;16.6128
1107;"110719110";"Civil Engineering";"MHT-CET";89330;16.1126
6269;"626919110";"Civil Engineering";"MHT-CET";89427;15.7216
6307;"630737210";"Electronics and Telecommunication
Engg";"MHT-CET";89443;15.7216
1120;"112029310";"Electrical Engineering";"MHT-CET";89472;15.7021
4144;"414429310";"Electrical Engineering";"MHT-CET";89531;15.7002
6803;"680361210";"Mechanical Engineering";"MHT-CET";89584;15.0473
5104;"510419110";"Civil Engineering";"MHT-CET";89721;14.7852
2136;"213653410";"Food Engineering and Technology";"MHT-CET";89734;14.7852
4118;"411837210";"Electronics and Telecommunication
Engg";"MHT-CET";89735;14.7852
6839;"683919110";"Civil Engineering";"MHT-CET";89750;14.7852
5177;"517737210";"Electronics and Telecommunication
Engg";"MHT-CET";89758;14.7367
4135;"413529310";"Electrical Engineering";"MHT-CET";89864;14.505
5125;"512550710";"Chemical Engineering";"MHT-CET";89887;14.4003
5161;"516129310";"Electrical Engineering";"MHT-CET";89959;14.2604
6307;"630760210";"Automobile Engineering";"MHT-CET";89974;14.2604
3220;"322024510";"Computer Engineering";"MHT-CET";90027;13.5831
3216;"321637210";"Electronics and Telecommunication
Engg";"MHT-CET";90052;13.5831
4144;"414419110";"Civil Engineering";"MHT-CET";90165;13.2928
6269;"626946610";"Instrumentation Engineering";"MHT-CET";90166;13.2928
6545;"654529310";"Electrical Engineering";"MHT-CET";90200;13.2928
2113;"211337210";"Electronics and Telecommunication
Engg";"MHT-CET";90213;13.2432
3503;"350329310";"Electrical Engineering";"MHT-CET";90246;13.2432
6160;"616019110";"Civil Engineering";"MHT-CET";90332;12.4945
6139;"613961220";"Mechanical Engineering";"MHT-CET";90381;12.3706
1121;"112161210";"Mechanical Engineering";"MHT-CET";90398;12.3678
5169;"516924510";"Computer Engineering";"MHT-CET";90483;12.1972
6786;"678637210";"Electronics and Telecommunication
Engg";"MHT-CET";90569;12.0861
2116;"211624210";"Computer Science and Engineering";"MHT-CET";90589;12.0256
5161;"516119110";"Civil Engineering";"MHT-CET";90676;11.5078
3193;"319337210";"Electronics and Telecommunication
Engg";"MHT-CET";90710;11.3568
3216;"321619110";"Civil Engineering";"MHT-CET";90772;11.2582
4192;"419224210";"Computer Science and Engineering";"MHT-CET";90822;11.1102
6635;"663537210";"Electronics and Telecommunication
Engg";"MHT-CET";90844;10.982
5151;"515137210";"Electronics and Telecommunication
Engg";"MHT-CET";90863;10.982
4135;"413561210";"Mechanical Engineering";"MHT-CET";90885;10.7058
5177;"517799510";"Artificial Intelligence and Data Science";"MHT-CET";90941;10.4474
5418;"541819110";"Civil Engineering";"MHT-CET";91022;10.3398
1127;"112737210";"Electronics and Telecommunication
Engg";"MHT-CET";91025;10.3398
4145;"414524610";"Information Technology";"MHT-CET";91059;10.3101
6643;"664329310";"Electrical Engineering";"MHT-CET";91074;10.3101
3223;"322319110";"Civil Engineering";"MHT-CET";91077;10.3101
6269;"626937210";"Electronics and Telecommunication
Engg";"MHT-CET";91138;9.95913
1105;"110561210";"Mechanical Engineering";"MHT-CET";91142;9.95913
4302;"430224510";"Computer Engineering";"MHT-CET";91153;9.92579
2136;"213624510";"Computer Engineering";"MHT-CET";91225;9.3962
1128;"112819110";"Civil Engineering";"MHT-CET";91228;9.3962
6220;"622061210";"Mechanical Engineering";"MHT-CET";91240;9.3962
2252;"225224210";"Computer Science and Engineering";"MHT-CET";91242;9.3962
3193;"319360610";"Production Engineering";"MHT-CET";91444;8.85263
1114;"111461210";"Mechanical Engineering";"MHT-CET";91472;8.72241
6156;"615661210";"Mechanical Engineering";"MHT-CET";91497;8.56405
6298;"629829310";"Electrical Engineering";"MHT-CET";91547;8.54738
6223;"622329310";"Electrical Engineering";"MHT-CET";91612;8.32278
5151;"515129310";"Electrical Engineering";"MHT-CET";91712;7.64077
6797;"679719110";"Civil Engineering";"MHT-CET";91725;7.64077
6305;"630524210";"Computer Science and Engineering";"MHT-CET";91736;7.41997
5109;"510937210";"Electronics and Telecommunication
Engg";"MHT-CET";91756;7.41997
1119;"111924610";"Information Technology";"MHT-CET";91800;7.41096
2112;"211229310";"Electrical Engineering";"MHT-CET";91807;7.35256
6786;"678660210";"Automobile Engineering";"MHT-CET";91838;7.17661
5109;"510929310";"Electrical Engineering";"MHT-CET";91960;6.78021
4135;"413537210";"Electronics and Telecommunication
Engg";"MHT-CET";91990;6.70433
6177;"617761220";"Mechanical Engineering";"MHT-CET";91998;6.70433
3220;"322024610";"Information Technology";"MHT-CET";92058;6.63108
5168;"516824510";"Computer Engineering";"MHT-CET";92065;6.63108
3135;"313546610";"Instrumentation Engineering";"MHT-CET";92118;6.18216
6275;"627529310";"Electrical Engineering";"MHT-CET";92125;6.07721
6283;"628361210";"Mechanical Engineering";"MHT-CET";92133;6.07721
4188;"418824210";"Computer Science and Engineering";"MHT-CET";92176;6.032
4302;"430219110";"Civil Engineering";"MHT-CET";92192;6.032
6293;"629361210";"Mechanical Engineering";"MHT-CET";92197;6.032
1127;"112719110";"Civil Engineering";"MHT-CET";92221;5.83284
5160;"516091510";"Structural Engineering";"MHT-CET";92231;5.6926
6766;"676619110";"Civil Engineering";"MHT-CET";92233;5.6926
1182;"118224210";"Computer Science and Engineering";"MHT-CET";92313;5.45286
6782;"678224210";"Computer Science and Engineering";"MHT-CET";92317;5.39188
6281;"628161210";"Mechanical Engineering";"MHT-CET";92323;5.39188
2533;"253361210";"Mechanical Engineering";"MHT-CET";92383;5.33817
6938;"693824210F";"Computer Science and Engineering";"MHT-CET";92385;5.31978
6803;"680329310";"Electrical Engineering";"MHT-CET";92392;5.05679
4163;"416329310";"Electrical Engineering";"MHT-CET";92449;4.78121
2131;"213124210";"Computer Science and Engineering";"MHT-CET";92455;4.78121
1107;"110737210";"Electronics and Telecommunication
Engg";"MHT-CET";92460;4.78121
5139;"513919110";"Civil Engineering";"MHT-CET";92497;4.70467
3154;"315460210";"Automobile Engineering";"MHT-CET";92516;4.66627
6298;"629861210";"Mechanical Engineering";"MHT-CET";92526;4.66627
6145;"614561210";"Mechanical Engineering";"MHT-CET";92527;4.66627
6179;"617919110";"Civil Engineering";"MHT-CET";92547;4.5799
6797;"679729310";"Electrical Engineering";"MHT-CET";92548;4.5799
1117;"111799510";"Artificial Intelligence and Data Science";"MHT-CET";92552;4.5799
4302;"430261210";"Mechanical Engineering";"MHT-CET";92559;4.5799
4118;"411819110";"Civil Engineering";"MHT-CET";92560;4.5799
4147;"414719110";"Civil Engineering";"MHT-CET";92562;4.5799
6797;"679737210";"Electronics and Telecommunication
Engg";"MHT-CET";92569;4.55408
5124;"512419110";"Civil Engineering";"MHT-CET";92619;4.44838
2113;"211329310";"Electrical Engineering";"MHT-CET";92667;4.18717
6182;"618237210";"Electronics and Telecommunication
Engg";"MHT-CET";92693;3.88792
2135;"213561210";"Mechanical Engineering";"MHT-CET";92695;3.88792
6756;"675624210";"Computer Science and Engineering";"MHT-CET";92706;3.79883
6780;"678029310";"Electrical Engineering";"MHT-CET";92718;3.79883
6545;"654537210";"Electronics and Telecommunication
Engg";"MHT-CET";92768;3.73866
5139;"513946410";"Instrumentation and Control
Engineering";"MHT-CET";92776;3.73866
4190;"419029310";"Electrical Engineering";"MHT-CET";92842;3.51988
4147;"414729310";"Electrical Engineering";"MHT-CET";92846;3.51988
2135;"213519110";"Civil Engineering";"MHT-CET";92882;3.26966
2138;"213819110";"Civil Engineering";"MHT-CET";92913;2.98864
3351;"335124510";"Computer Engineering";"MHT-CET";92918;2.98864
4118;"411829310";"Electrical Engineering";"MHT-CET";92939;2.93459
6288;"628861210";"Mechanical Engineering";"MHT-CET";92961;2.91276
4151;"415129310";"Electrical Engineering";"MHT-CET";92974;2.90115
6269;"626929310";"Electrical Engineering";"MHT-CET";92996;2.83243
3193;"319350710";"Chemical Engineering";"MHT-CET";93003;2.83243
2136;"213629310";"Electrical Engineering";"MHT-CET";93071;2.37406
6223;"622337210";"Electronics and Telecommunication
Engg";"MHT-CET";93137;2.17586
4188;"418850310";"Food Technology";"MHT-CET";93148;2.17096
6185;"618529310";"Electrical Engineering";"MHT-CET";93169;2.09985
2533;"253337210";"Electronics and Telecommunication
Engg";"MHT-CET";93215;1.80251
6643;"664361210";"Mechanical Engineering";"MHT-CET";93223;1.80251
4613;"461329310";"Electrical Engineering";"MHT-CET";93225;1.6869
4143;"414329310";"Electrical Engineering";"MHT-CET";93227;1.6869
6303;"630319110";"Civil Engineering";"MHT-CET";93284;1.60229
3200;"320037210";"Electronics and Telecommunication
Engg";"MHT-CET";93301;1.47717
5160;"516061210";"Mechanical Engineering";"MHT-CET";93321;1.36488
4145;"414519110";"Civil Engineering";"MHT-CET";93326;1.34529
4613;"461319110";"Civil Engineering";"MHT-CET";93340;1.31996
5173;"517337210";"Electronics and Telecommunication
Engg";"MHT-CET";93351;1.28083
6222;"622261210";"Mechanical Engineering";"MHT-CET";93355;1.2481
2114;"211437210";"Electronics and Telecommunication
Engg";"MHT-CET";93362;1.22311
1182;"118219110";"Civil Engineering";"MHT-CET";93406;1.03496
6324;"632437210";"Electronics and Telecommunication
Engg";"MHT-CET";93418;0.936749
4143;"414324510";"Computer Engineering";"MHT-CET";93422;0.92093
6269;"626937610";"Electronics Engineering";"MHT-CET";93462;0.688054
6781;"678124210";"Computer Science and Engineering";"MHT-CET";93524;0.466477
6275;"627519110";"Civil Engineering";"MHT-CET";93565;0.220031
6803;"680337210";"Electronics and Telecommunication
Engg";"MHT-CET";93587;0.12536
5331;"533119110";"Civil Engineering";"MHT-CET";93592;0.110244
1265;"126519110";"Civil Engineering";"MHT-CET";93594;0.0935319
